State,Partner code, Sales this year ,Last year Sales,GM this year,Protein Sales this year,Protein GM this year,Number of months when ordered,Partner_profil_ORACLE,Sales_Person,Key Accounts,City_village,Region,Active_partner,Population,Size of the shop (m2),Stand_alone_shops,Company_p_in_shops,Sales_channel_p_Shop,Sales_channel_p_Webshop,Sales_channel_p_Distributor,Sales_channel_p_Gym,Sales_channel_p_Other, Amazon_web ,Relationship quality
Arizona,1," 3,173,819    ",3051902.064,1221626.8,1683445.17,677377.7034,12,Webshop,F,1.00,1,1,1,,0,0,20%,0%,100%,0%,0%,0%, 1    ,5
Arizona,2," 414,814    ",0,188600.205,145888.1475,61472.8047,11,Shop,F,1.00,2,2,1,5600,,0,25%,0%,100%,0%,0%,0%, -      ,6
Arizona,3," 350,323    ",379746.5469,164514.1359,200060.1888,100425.933,12,Shop,F,1.00,3,3,1,,100,0,15%,40%,20%,40%,0%,0%,,6
Arizona,4," 293,672    ",333486.9726,129181.9185,150246.6033,60327.0966,11,Shop,F,0.00,4,4,1,,30,0,25%,100%,0%,0%,0%,0%,,6
Arizona,5," 198,504    ",281434.6518,81448.14,110653.3584,43427.2779,12,Shop,F,0.00,5,2,1,19387,40,0,35%,40%,20%,40%,0%,0%,,6
Arizona,6," 86,657    ",153265.3923,34722.162,50959.1829,20040.7098,6,Shop,F,0.00,6,5,1,34105,60,0,40%,0%,70%,30%,0%,0%,,3
Arizona,7," 79,626    ",174776.2227,35051.0886,42958.488,19455.3405,9,Shop,F,0.00,4,2,1,,45,1,20%,100%,0%,0%,0%,0%,,4
Arizona,8," 77,813    ",118718.9973,34977.9405,32401.1397,14324.5677,7,Shop,F,0.00,1,1,1,114363,50,0,40%,70%,0%,30%,0%,0%,,6
Arizona,9," 67,105    ",269173.4706,29695.1643,31330.068,13431.5631,7,Shop,F,0.00,7,6,1,10759,40,0,10%,40%,30%,30%,0%,0%,,1
Arizona,10," 58,475    ",69819.4248,26294.5095,26335.9728,11630.4741,11,Shop,F,0.00,8,2,1,618823,30,0,30%,40%,60%,0%,0%,0%,,6
Arizona,11," 35,778    ",32439.528,16329.3447,19999.1973,9151.6305,11,Shop,F,0.00,9,2,1,31767,60,0,50%,60%,0%,40%,0%,0%,,6
Arizona,12," 32,863    ",20805.7944,17314.2057,15864.5277,8553.7029,11,Shop,F,0.00,8,2,0,197913,20,,,,,,,,,
Arizona,13," 28,004    ",61611.4257,11545.9362,16850.7663,7436.9613,12,Shop,F,0.00,10,7,1,49854,40,0,30%,60%,10%,30%,0%,0%,,6
Arizona,14," 23,461    ",15022.9248,10284.4359,15153.3909,7344.2808,10,Gym,F,0.00,11,3,1,,10,0,35%,0%,0%,0%,100%,0%,,5
Arizona,15," 22,588    ",19601.7105,11461.4598,6709.527,3218.2458,8,Shop,F,0.00,12,2,1,,35,1,50%,100%,0%,0%,0%,0%,,5
Arizona,16," 20,846    ",34436.0394,9073.4148,9686.3484,4388.9721,12,Shop,F,0.00,13,2,1,67235,40,0,20%,70%,30%,0%,0%,0%,,6
Arizona,17," 20,287    ",44570.2431,9509.1792,12124.479,5385.3705,2,Webshop,F,0.00,14,1,1,43842,0,0,20%,0%,100%,0%,0%,0%,,3
Arizona,18," 20,024    ",76980.165,9570.8883,12640.1811,6459.6279,5,Shop,F,0.00,15,3,0,26602,32,,,,,,,,,
Arizona,19," 19,343    ",29480.9721,9875.6208,7303.8015,3677.2695,6,Shop,F,0.00,16,3,1,,23,0,10%,60%,20%,0%,20%,0%,,4
Arizona,20," 19,074    ",52328.0376,9635.7954,9489.1917,4388.7876,6,Shop,F,0.00,17,2,0,2259,30,,,,,,,,,
Arizona,21," 16,407    ",7620.3297,8287.1496,11298.3741,5615.6757,2,Gym,F,0.00,12,2,1,,,0,70%,0%,0%,0%,100%,0%,,4
Arizona,22," 15,695    ",18727.0452,7498.3137,9122.2335,4516.8552,6,Gym,F,0.00,18,3,0,13723,,,,,,,,,,
Arizona,23," 11,227    ",31146.5766,5493.8934,6694.0659,3494.2824,4,Shop,F,0.00,19,5,0,,,,,,,,,,,
Arizona,24," 10,198    ",3585.1302,4065.9495,3629.9514,1529.1114,6,Shop,F,0.00,20,8,1,,20,0,15%,80%,20%,0%,0%,0%,,4
Arizona,25," 9,483    ",5730.5331,4617.789,3839.4573,1934.7162,7,Shop,F,0.00,21,7,1,24632,500000,0,70%,0%,0%,0%,100%,0%,,6
Arizona,26," 9,298    ",9849.5079,4616.6574,7132.278,3796.8009,9,Gym,F,0.00,16,3,1,,15,0,80%,0%,0%,0%,100%,0%,,6
Arizona,27," 9,240    ",13463.3955,4601.1348,3802.9017,2150.0154,6,Gym,F,0.00,22,9,1,614304,20,0,60%,0%,0%,0%,100%,0%,,5
Arizona,28," 9,221    ",15089.2956,4370.3745,5294.8917,2554.9068,7,Shop,F,0.00,23,10,1,54939,15,0,30%,0%,100%,0%,0%,0%,,3
Arizona,29," 8,860    ",8812.1505,2302.0065,4864.1211,1487.4882,12,Gym,F,0.00,24,3,1,362893,12,0,80%,100%,0%,0%,0%,0%,,6
Arizona,30," 8,548    ",0,4355.3439,3976.9098,1989.4758,3,Shop,F,0.00,25,11,0,,,,,,,,,,,
Arizona,31," 7,652    ",0,3683.8746,3746.7522,1699.0974,1,Distributor,F,0.00,8,9,1,,,0,5%,80%,0%,20%,0%,0%,,6
Arizona,32," 7,604    ",12052.1058,3539.2266,4559.6223,2363.7279,10,Gym,F,0.00,26,12,1,,20,0,20%,0%,0%,0%,100%,0%,,4
Arizona,33," 7,293    ",11577.8055,3647.3928,4761.8097,2409.939,2,Shop,F,0.00,27,2,0,26149,20,,,,,,,,,
Arizona,34," 7,206    ",0,3549.8538,5117.0706,2422.0791,2,Shop,F,0.00,28,3,0,,,,,,,,,,,
Arizona,35," 7,064    ",0,3698.3025,3536.2869,1957.8894,4,Shop,F,0.00,16,3,0,,,,,,,,,,,
Arizona,36," 6,312    ",8637.1215,2676.7629,1999.4388,1055.0202,10,Shop,F,0.00,4,2,1,23893,15,0,50%,0%,0%,0%,100%,0%,,4
Arizona,37," 6,292    ",0,3207.8646,1754.2137,860.4096,2,Gym,F,0.00,8,9,1,,,0,20%,0%,0%,0%,100%,0%,,6
Arizona,38," 6,271    ",11459.4918,3289.6104,3235.4535,1802.2698,10,Shop,F,0.00,19,13,1,,25,0,10%,70%,30%,0%,0%,0%,,5
Arizona,39," 5,318    ",19414.0863,2379.1521,2513.6403,1116.2127,5,Shop,F,0.00,29,9,0,536408,40,,,,,,,,,
Arizona,40," 4,857    ",10290.0078,2372.9037,1052.7201,470.3643,5,Gym,F,0.00,30,5,0,37341,25,,,,,,,,,
Arizona,41," 4,853    ",20374.7655,2302.3509,2013.6945,1025.5371,5,Gym,F,0.00,29,9,0,,25,,,,,,,,,
Arizona,42," 4,667    ",9519.3144,2120.6061,2158.5147,986.9274,8,Shop,F,0.00,16,3,1,341594,0,0,20%,0%,100%,0%,0%,0%,,6
Arizona,43," 4,339    ",6497.1798,1918.6524,1547.1801,814.8996,5,Webshop,F,0.00,31,10,0,,,,,,,,,,,
Arizona,44," 3,423    ",1245.2397,1831.6668,1161.981,602.1957,5,Gym,F,0.00,32,4,0,,40,,,,,,,,,
Arizona,45," 3,172    ",6014.5401,1761.9135,135.9765,69.4581,7,Shop,F,0.00,33,14,0,,,,,,,,,,,
Arizona,46," 3,094    ",0,1566.3066,1443.9708,754.6173,1,Shop,F,0.00,34,2,0,,,,,,,,,,,
Arizona,47," 3,087    ",6877.914,1282.7178,1588.2252,630.4488,3,Shop,F,0.00,9,2,1,,,1,30%,100%,0%,0%,0%,0%,,4
Arizona,48," 3,047    ",1152.2025,1383.6885,1268.007,740.7798,3,Shop,F,0.00,35,15,0,,30,,,,,,,,,
Arizona,49," 2,889    ",0,1330.8477,958.6743,483.2301,3,Shop,F,0.00,36,16,0,,,,,,,,,,,
Arizona,50," 2,804    ",4138.0521,1359.0762,1417.1937,710.325,3,Shop,F,0.00,37,17,0,28409,25,,,,,,,,,
Arizona,51," 2,572    ",30836.3952,1334.7099,1023.606,527.1042,2,Shop,F,0.00,16,3,0,,28,,,,,,,,,
Arizona,52," 2,342    ",5520.9657,1112.4243,1314.3903,699.0951,5,Gym,F,0.00,38,11,1,,15,0,30%,0%,0%,0%,100%,0%,,3
Arizona,53," 2,334    ",0,1078.4763,780.5211,456.3054,5,Shop,F,0.00,39,2,0,,,,,,,,,,,
Arizona,54," 2,140    ",0,795.5025,789.6477,405.4941,2,Gym,F,0.00,40,5,1,,,0,1%,0%,30%,70%,0%,0%,,3
Arizona,55," 1,985    ",0,926.5344,917.3463,478.3839,2,Gym,F,0.00,41,3,0,,,,,,,,,,,
Arizona,56," 1,729    ",0,815.2317,674.7042,383.2311,3,Gym,F,0.00,42,18,0,,,,,,,,,,,
Arizona,57," 1,694    ",3026.0337,631.4697,446.4162,154.9554,2,Shop,F,0.00,17,2,0,,38,,,,,,,,,
Arizona,58," 1,692    ",17092.9779,853.2018,987.8376,562.7742,1,Shop,F,0.00,43,3,0,,25,,,,,,,,,
Arizona,59," 1,649    ",1234.2435,750.0294,830.8158,402.1362,4,Shop,F,0.00,44,2,0,,25,,,,,,,,,
Arizona,60," 1,530    ",4037.6349,703.5231,946.9524,416.5149,2,Gym,F,0.00,29,9,0,,15,,,,,,,,,
Arizona,61," 1,506    ",0,669.6612,427.4988,205.5822,1,Shop,F,0.00,45,2,0,,,,,,,,,,,
Arizona,62," 1,418    ",0,686.8935,670.5222,347.3766,1,Shop,F,0.00,29,2,0,618825,,,,,,,,,,
Arizona,63," 1,332    ",0,580.6215,458.298,190.8468,2,Shop,F,0.00,8,2,1,19374,,0,5%,0%,100%,0%,0%,0%,,4
Arizona,64," 1,331    ",0,599.994,498.9372,242.4084,2,Shop,F,0.00,46,5,1,,,1,20%,100%,0%,0%,0%,0%,,5
Arizona,65," 1,263    ",0,510.1917,857.9619,414.756,2,Shop,F,0.00,40,5,1,,,0,20%,0%,0%,0%,100%,0%,,5
Arizona,66," 1,211    ",0,528.9,837.1626,423.0216,2,Gym,F,0.00,46,5,1,,,0,20%,0%,0%,0%,100%,0%,,5
Arizona,67," 1,158    ",2316.3606,466.3668,770.2014,353.0223,2,Gym,F,0.00,47,3,0,,0,,,,,,,,,
Arizona,68," 1,030    ",1361.0319,549.8469,368.6802,204.1185,2,Shop,F,0.00,48,2,0,,25,,,,,,,,,
Arizona,69, 950    ,1823.4135,340.1196,0,0,1,Shop,F,0.00,49,3,0,,,,,,,,,,,
Arizona,70, 785    ,0,324.597,351.7431,181.2282,1,Shop,F,0.00,50,9,0,,,,,,,,,,,
Arizona,71, 779    ,2554.3902,281.2026,605.7258,263.8719,2,Shop,F,0.00,51,3,0,24536,2500,,,,,,,,,
Arizona,72, 739    ,5161.1661,433.3905,527.9283,330.1197,2,Webshop,F,0.00,52,3,0,,,,,,,,,,,
Arizona,73, 630    ,0,305.0031,291.3747,178.0179,1,Gym,F,0.00,16,3,0,,,,,,,,,,,
Arizona,74, 575    ,0,167.772,109.3962,55.6329,1,Gym,F,0.00,35,19,1,,,0,20%,0%,0%,0%,100%,0%,,5
Arizona,75, 484    ,1521.9651,206.1726,463.1565,223.6632,1,Shop,F,0.00,29,9,0,,15,,,,,,,,,
Arizona,76, 377    ,4489.992,184.3278,319.9353,169.7031,1,Gym,F,0.00,53,10,0,,80,,,,,,,,,
Arizona,77, 376    ,6339.297,376.2693,67.1826,67.1826,1,Shop,F,0.00,54,2,0,24176,14,,,,,,,,,
Arizona,78, -      ,-0.0492,-90.9339,0,-24.6246,2,Shop,$null$,0.00,29,9,0,,,,,,,,,,,
Arizona,79, -      ,-0.0492,-2176.4604,0,-555.3696,10,Other,F,0.00,10,7,0,,,,,,,,,,,
Arizona,80, -      ,-0.0123,-505.9605,0,-120.0357,9,Other,F,0.00,37,17,0,,,,,,,,,,,
Arizona,81, -      ,-0.0492,-49.7289,0,-0.5658,1,Other,F,0.00,55,11,0,,,,,,,,,,,
Arizona,82, -      ,-0.0369,-538.9614,0,-213.7248,10,Other,F,0.00,10,$null$,0,,,,,,,,,,,
Arizona,83, -      ,-0.0738,-380.439,0,-58.9662,7,Other,F,0.00,56,2,0,,,,,,,,,,,
Arizona,84, -      ,0,-535.0131,0,-142.0158,10,Other,$null$,0.00,57,$null$,0,,,,,,,,,,,
Arizona,85, -      ,11485.4202,-277.6602,0,0,1,Shop,F,0.00,58,6,0,,30,,,,,,,,,
Arizona,86, -      ,0,-220.6866,0,-29.3601,2,Shop,F,0.00,13,2,0,,,,,,,,,,,
Arizona,87,-149    ,0,-149.3589,0,0,1,Webshop,F,0.00,59,2,0,,,,,,,,,,,
California,88, -      ,-0.0246,-75.6819,0,-17.958,1,Other,$null$,0.00,60,20,0,649338,,,,,,,,,,
California,89," 1,127,330    ",816951.8796,481890.0642,752003.2917,330080.6967,12,Webshop,B,1.00,61,21,1,3798,150,0,10%,10%,70%,20%,0%,0%, -      ,1
California,90," 807,524    ",666768.0678,371879.2578,365048.01,166843.5837,12,Distributor,C,1.00,62,22,1,20433,250,0,25%,20%,80%,0%,0%,0%, 1    ,4
California,91," 668,486    ",700869.3504,307205.1198,310547.0421,144298.5816,12,Shop,B,1.00,63,21,1,88290,4,0,15%,50%,10%,40%,0%,0%, -      ,1
California,92," 11,757    ",1774.8531,5838.3426,5200.0095,2413.4322,1,Shop,B,0.00,63,21,0,88290,,0,15%,50%,10%,40%,0%,0%,,1
California,93," 529,271    ",596747.7963,235368.0276,279630.9675,125490.135,11,Webshop,D,0.00,64,23,1,243012,400,0,30%,0%,100%,0%,0%,0%, 1    ,6
California,94," 463,357    ",223060.008,229913.1867,224136.9468,109354.3677,12,Webshop,C,0.00,62,22,1,20433,,0,20%,0%,100%,0%,0%,0%, 1    ,6
California,95," 288,401    ",309905.2158,133888.6488,121267.5942,54081.0951,12,Shop,D,0.00,65,23,1,67521,60,0,90%,50%,0%,50%,0%,0%,  ,6
California,96," 282,034    ",353065.0302,131869.1733,106958.9058,49563.588,12,Distributor,D,0.00,66,24,1,9772,70,0,30%,50%,0%,50%,0%,0%,  ,6
California,97,-113    ,0,-113.0247,0,0,1,Distributor,D,0.00,67,24,0,118882,,0,30%,50%,0%,50%,0%,0%,,6
California,98," 273,456    ",349317.5031,131461.3299,122300.9664,57276.6966,11,Distributor,D,0.00,68,25,1,233870,300,0,30%,20%,0%,80%,0%,0%,  ,6
California,99," 264,797    ",342227.82,127614.5172,134036.4456,65297.8218,6,Shop,D,0.00,69,26,1,62910,40,0,30%,80%,20%,0%,0%,0%, -      ,6
California,100," 259,508    ",135646.5894,130039.0809,119069.6088,60496.8243,12,Webshop,B,1.00,70,27,1,272766,0,0,15%,20%,80%,0%,0%,0%, -      ,1
California,101," 4,463    ",0,2521.8936,943.8282,442.0005,2,Webshop,B,0.00,70,27,0,272766,,0,15%,20%,80%,0%,0%,0%,,1
California,102," 239,545    ",328734.4248,115965.8637,106983.8625,47761.8471,11,Distributor,B,0.00,71,28,1,94557,800,0,20%,20%,0%,80%,0%,0%,  ,1
California,103," 212,891    ",179696.2104,106988.5365,61380.0996,31500.3861,11,Shop,C,0.00,72,20,1,642381,80,0,10%,80%,20%,0%,0%,0%, -      ,4
California,104," 212,593    ",183588.324,96398.79,64559.2068,28714.7436,12,Distributor,C,1.00,73,22,1,12572,30,0,20%,0%,100%,0%,0%,0%, 1    ,4
California,105," 202,916    ",135630.009,95923.8132,97140.8244,44237.8848,12,Shop,B,0.00,74,21,0,223198,,,,,,,,,,
California,106," 164,206    ",223620.7281,80608.6035,36876.1011,18164.8614,12,Shop,C,0.00,75,29,1,217748,80,0,30%,30%,0%,70%,0%,0%,  ,6
California,107," 125,079    ",222545.6097,59753.7813,34070.3727,14801.0943,12,Distributor,C,0.00,76,30,1,42868,70,0,5%,10%,0%,90%,0%,0%,  ,6
California,108," 110,456    ",103383.3942,52160.8068,49439.8992,23674.1175,12,Shop,B,0.00,77,31,1,450975,100,0,40%,80%,0%,20%,0%,0%,  ,1
California,109," 106,096    ",114732.4935,52503.6201,56593.0995,27662.4294,11,Shop,D,0.00,78,32,1,33222,150,0,30%,20%,80%,0%,0%,0%, 1    ,6
California,110," 100,046    ",124883.4129,40974.6825,39129.252,15050.7597,12,Shop,B,0.00,79,21,1,46585,0,0,70%,0%,0%,100%,0%,0%,  ,1
California,111," 98,274    ",177751.9986,47625.2556,56872.0758,27235.6686,7,Webshop,B,0.00,80,21,1,14605,150,0,30%,50%,50%,0%,0%,0%, -      ,1
California,112," 91,996    ",95392.4286,39407.724,39517.0341,16980.3099,12,Shop,C,0.00,81,33,1,92900,150,0,100%,25%,0%,75%,0%,0%,  ,6
California,113," 90,391    ",0,45508.4133,51799.728,25336.77,8,Shop,B,0.00,79,21,1,,,0,40%,60%,10%,30%,0%,0%, 1    ,1
California,114," 83,018    ",119249.6316,45212.2293,37282.53,20326.3896,12,Shop,C,0.00,82,30,1,8858,,0,35%,0%,80%,20%,0%,0%, -      ,3
California,115," 75,508    ",101038.0302,37480.4493,33072.3261,15498.8856,9,Shop,C,0.00,83,24,1,378609,200,0,15%,0%,100%,0%,0%,0%, -      ,4
California,116," 74,145    ",129992.6976,35141.2599,21926.3121,10622.6121,11,Shop,C,0.00,84,30,1,791191,150,0,30%,80%,20%,0%,0%,0%, -      ,6
California,117," 72,530    ",67633.0998,36708.9933,39228.9804,19305.3789,10,Shop,B,0.00,85,21,1,3624189,90,0,20%,100%,0%,0%,0%,0%,  ,1
California,118," 68,718    ",66601.8678,33592.6899,20792.1291,9747.3564,12,Shop,C,0.00,86,34,1,13930,60,0,70%,50%,0%,50%,0%,0%,  ,6
California,119," 59,283    ",61016.9175,28253.6781,23161.4658,10927.074,12,Distributor,B,0.00,87,35,1,335021,30,0,90%,0%,0%,100%,0%,0%,  ,1
California,120," 56,072    ",59450.943,28655.3346,9025.0881,4397.4591,12,Shop,C,0.00,88,36,1,170202,100,0,10%,100%,0%,0%,0%,0%,  ,4
California,121," 55,798    ",61449.2502,27734.9256,24485.5239,12286.0518,12,Shop,D,0.00,89,23,1,1821359,60,1,30%,100%,0%,0%,0%,0%,  ,6
California,122," 54,116    ",69498.198,25443.2142,28275.117,12446.7882,9,Shop,B,0.00,90,37,1,93302,80,0,30%,75%,5%,20%,0%,0%, -      ,1
California,123," 54,089    ",58722.4509,28276.4085,24052.3671,11863.6329,12,Shop,B,0.00,91,38,1,172965,60,1,100%,100%,0%,0%,0%,0%,  ,1
California,124," 52,820    ",129433.4781,23343.5304,30080.7693,13817.5002,7,Shop,A,0.00,87,35,1,93715,40,0,30%,0%,0%,100%,0%,0%,  ,6
California,125," 52,157    ",46764.7353,22745.7873,15891.354,6998.9214,12,Shop,C,0.00,92,33,1,32924,80,1,15%,100%,0%,0%,0%,0%,  ,6
California,126," 47,580    ",63132.4929,22093.7028,15594.801,7491.4749,12,Shop,B,0.00,85,21,1,3624189,30,0,25%,80%,10%,10%,0%,0%, -      ,1
California,127," 47,074    ",94991.0796,22359.9732,22967.5563,11350.7352,12,Shop,B,0.00,93,39,1,61955,50,0,20%,80%,5%,15%,0%,0%, -      ,1
California,128," 46,043    ",66656.5659,22299.6909,29139.8931,14811.5616,12,Shop,C,0.00,94,24,1,24505,,0,10%,50%,10%,40%,0%,0%, -      ,5
California,129," 45,014    ",62192.7114,22691.5812,18266.4471,8645.4486,12,Shop,B,0.00,95,21,1,211304,35,0,25%,100%,0%,0%,0%,0%,  ,1
California,130," 41,148    ",12720.2787,20297.8413,8992.9482,4528.4541,11,Webshop,C,0.00,96,33,1,239187,150,0,5%,60%,20%,20%,0%,0%, -      ,4
California,131," 40,632    ",104567.8842,17810.0802,20658.8217,9699.3864,12,Shop,A,0.00,97,35,1,21366,0,0,100%,0%,0%,100%,0%,0%,  ,6
California,132," 40,549    ",88346.964,20035.1256,12597.4017,5376.5022,11,Shop,B,0.00,85,21,1,3624189,100,0,30%,80%,0%,20%,0%,0%,  ,1
California,133," 38,446    ",35957.7954,17635.1496,10972.83,4374.9009,12,Gym,B,0.00,98,21,1,233290,30,0,35%,90%,0%,10%,0%,0%,  ,1
California,134," 36,828    ",41322.3789,18844.4733,6882.7725,3074.3727,10,Shop,B,0.00,99,40,1,147579,,0,20%,100%,0%,0%,0%,0%,  ,1
California,135," 35,900    ",38932.944,17990.3736,16338.1884,8291.9958,8,Shop,D,0.00,89,23,1,1821359,80,0,20%,80%,20%,0%,0%,0%, -      ,5
California,136," 33,327    ",40340.3469,17033.3598,24326.8539,13104.7521,9,Shop,B,0.00,100,41,1,278145,40,1,80%,100%,0%,0%,0%,0%,  ,1
California,137," 32,962    ",56751.6465,17483.6136,9293.4126,4716.7671,10,Shop,B,0.00,85,21,1,3624189,70,0,30%,80%,10%,10%,0%,0%, -      ,1
California,138," 32,941    ",38269.7895,17250.2211,9649.0794,5236.6512,12,Shop,B,0.00,99,40,1,147579,50,0,45%,90%,0%,10%,0%,0%,  ,1
California,139," 32,550    ",52795.9665,15756.0417,18802.9977,9925.1283,3,Shop,D,0.00,101,26,0,9652,45,,,,,,,,,
California,140," 32,333    ",46775.5962,15563.2761,13442.2395,5538.4809,7,Gym,B,0.00,102,42,1,202380,30,0,15%,100%,0%,0%,0%,0%,  ,1
California,141," 31,737    ",38080.7508,14421.3933,10003.9713,4040.8329,12,Shop,D,0.00,103,43,1,770665,50,1,20%,100%,0%,0%,0%,0%,  ,6
California,142," 31,457    ",29931.4596,13863.9696,14486.0175,6708.1494,11,Shop,B,0.00,104,41,1,108526,40,0,30%,100%,0%,0%,0%,0%,  ,1
California,143," 28,706    ",10273.452,14537.7267,14188.9971,6961.5048,12,Shop,B,0.00,105,21,1,81659,50,1,40%,100%,0%,0%,0%,0%,  ,1
California,144," 28,057    ",23838.8022,13907.5362,10106.5533,5217.3771,12,Shop,D,0.00,106,44,1,41524,35,0,30%,90%,10%,0%,0%,0%, -      ,6
California,145," 27,310    ",12261.1074,12942.3306,7762.284,3840.675,11,Webshop,B,0.00,107,35,1,42647,30,0,15%,70%,10%,20%,0%,0%, -      ,1
California,146," 27,107    ",36044.0553,14085.8124,11126.8014,5969.4114,12,Shop,D,0.00,108,23,1,52734,40,1,90%,100%,0%,0%,0%,0%,  ,6
California,147," 27,054    ",22084.2072,14316.3144,8831.2893,4581.1227,8,Shop,D,0.00,109,32,1,43107,25,1,35%,100%,0%,0%,0%,0%,  ,6
California,148," 26,158    ",24153.6822,12164.8722,7272.0675,3513.7041,9,Shop,D,0.00,64,23,1,243012,60,1,20%,100%,0%,0%,0%,0%,  ,6
California,149," 25,922    ",27383.5269,13656.6408,15428.4558,7976.2917,3,Shop,B,0.00,85,21,0,3576716,40,,,,,,,,,
California,150," 25,487    ",41518.6377,12628.7298,10742.451,5334.1287,12,Shop,D,0.00,110,32,1,895302,50,1,30%,100%,0%,0%,0%,0%,  ,6
California,151," 25,399    ",47053.0965,12965.3316,7675.6305,4096.1214,7,Gym,B,0.00,77,31,1,449923,150,0,30%,70%,0%,10%,20%,0%,  ,1
California,152," 25,371    ",20575.7967,13229.8308,18035.0964,10064.4135,12,Shop,D,0.00,89,23,1,1821359,15,1,30%,100%,0%,0%,0%,0%,  ,6
California,153," 25,125    ",32881.221,11982.3279,6720.966,3329.4255,11,Other,B,0.00,111,45,1,61369,140,0,40%,90%,0%,0%,10%,0%,  ,1
California,154," 24,244    ",55100.8143,12739.971,9328.5414,4601.5407,6,Shop,B,0.00,85,21,1,3624189,60,0,30%,70%,5%,25%,0%,0%, -      ,1
California,155," 23,931    ",10897.308,11416.9953,11255.9268,5416.674,8,Shop,D,0.00,89,23,1,1821359,60,0,25%,100%,0%,0%,0%,0%,  ,6
California,156," 23,654    ",20449.7217,12204.0354,14461.7742,7356.876,12,Gym,B,0.00,112,21,1,194954,100,0,80%,0%,0%,50%,50%,0%,  ,1
California,157," 22,250    ",33409.137,9922.9266,11109.2862,5075.1768,12,Shop,D,0.00,113,23,1,71663,40,1,20%,100%,0%,0%,0%,0%,  ,6
California,158," 22,173    ",34575.3369,9977.2065,5756.7567,2739.6897,12,Shop,D,0.00,114,32,1,91258,50,1,30%,100%,0%,0%,0%,0%,  ,6
California,159," 22,062    ",17832.2202,11438.6925,4952.3736,2478.3762,9,Distributor,B,0.00,85,21,0,3624189,100,,,,,,,,,
California,160," 21,873    ",0,11780.3988,6426.5901,3456.1647,11,Shop,B,0.00,115,31,1,45498,40,0,40%,90%,0%,10%,0%,0%,  ,1
California,161," 21,709    ",21160.2558,11284.5981,7805.3955,3810.8721,10,Webshop,D,0.00,116,23,1,26504,50,1,30%,100%,0%,0%,0%,0%,  ,6
California,162," 21,250    ",19253.3868,11320.2066,3319.1181,1730.9667,12,Shop,C,0.00,117,34,1,495218,120,1,50%,100%,0%,0%,0%,0%,  ,5
California,163," 21,200    ",20578.3059,10620.5703,2917.4247,1561.0053,3,Shop,C,0.00,62,22,1,20433,35,0,1%,50%,50%,0%,0%,0%, -      ,3
California,164," 20,853    ",3108.5667,10186.2696,2361.8214,1106.6187,12,Shop,D,0.00,118,32,1,50305,,0,30%,80%,20%,0%,0%,0%, -      ,6
California,165," 20,591    ",5225.6304,11140.5405,2099.8683,1005.6849,12,Shop,B,0.00,119,46,1,39620,50,1,50%,100%,0%,0%,0%,0%,  ,1
California,166," 20,335    ",22280.4168,6546.3429,11371.2885,4098.9258,12,Shop,B,0.00,85,21,1,3624189,40,0,50%,90%,0%,10%,0%,0%,  ,1
California,167," 20,211    ",16117.3419,10913.8146,7233.0396,3631.9809,9,Distributor,C,0.00,120,34,1,17846,100,1,5%,100%,0%,0%,0%,0%,  ,2
California,168," 20,205    ",33577.7331,8361.0972,7773.6369,3352.6479,12,Shop,C,0.00,121,20,1,87459,90,1,80%,100%,0%,0%,0%,0%,  ,6
California,169," 19,915    ",10777.2477,9797.3805,8748.1167,4331.5803,12,Shop,D,0.00,122,23,1,287083,40,1,30%,100%,0%,0%,0%,0%,  ,6
California,170," 19,800    ",62373.9396,10483.3269,771.1362,348.1269,6,Shop,C,0.00,123,47,1,167354,500,0,35%,50%,50%,0%,0%,0%, -      ,1
California,171," 19,100    ",18210.2361,9788.8812,12313.407,6580.6107,12,Shop,D,0.00,124,23,1,74891,130,0,30%,60%,0%,40%,0%,0%,  ,6
California,172," 18,019    ",29896.011,8879.9112,5300.6112,2692.9005,10,Shop,C,0.00,125,24,1,22062,110,1,10%,100%,0%,0%,0%,0%,  ,5
California,173," 16,358    ",15458.3571,7729.9596,10245.0513,5021.967,11,Shop,C,0.00,126,48,1,43957,35,0,10%,50%,0%,50%,0%,0%,  ,6
California,174," 16,312    ",40201.7505,8936.1468,3201.7638,1624.461,10,Shop,B,0.00,85,21,1,3624189,30,1,40%,100%,0%,0%,0%,0%,  ,1
California,175," 16,154    ",356.9952,5605.7004,7996.8204,3183.5106,10,Shop,B,0.00,127,49,1,210322,20,0,80%,100%,0%,0%,0%,0%,  ,1
California,176," 15,983    ",22029.1647,8251.9716,8426.0043,4587.5679,11,Shop,C,0.00,128,33,1,129133,40,1,15%,100%,0%,0%,0%,0%,  ,1
California,177," 15,765    ",8672.6808,8471.7357,6156.5805,3201.0135,10,Shop,C,0.00,73,22,1,12572,90,0,8%,60%,0%,40%,0%,0%,  ,3
California,178," 15,634    ",9025.4079,8119.0947,6807.2997,3567.0615,11,Shop,B,0.00,129,50,1,66962,40,0,40%,90%,0%,10%,0%,0%,  ,1
California,179," 15,614    ",11189.2239,7353.7764,3239.4387,1501.0428,9,Shop,B,0.00,130,49,1,6199,60,0,35%,85%,5%,10%,0%,0%, -      ,1
California,180," 15,480    ",19376.4114,8284.9479,4131.1272,2305.7334,12,Shop,D,0.00,110,32,1,895302,60,0,20%,80%,20%,0%,0%,0%, -      ,6
California,181," 15,477    ",18011.3328,7889.2323,6987.0642,3530.6535,10,Shop,B,0.00,85,21,1,3624189,20,0,30%,100%,0%,0%,0%,0%,  ,1
California,182," 15,293    ",20431.0257,7712.6658,10455.369,5244.8553,6,Shop,D,0.00,103,43,1,770665,55,1,20%,100%,0%,0%,0%,0%,  ,6
California,183," 15,259    ",24717.6249,8148.9222,1201.7346,540.4866,10,Webshop,C,0.00,131,22,1,268734,60,0,30%,60%,40%,0%,0%,0%, -      ,4
California,184," 15,245    ",0,6456.7989,5775.3789,2437.614,5,Shop,D,0.00,89,23,1,,,1,40%,100%,0%,0%,0%,0%,  ,6
California,185," 15,159    ",16405.9122,8063.1789,3180.5094,1608.1389,12,Shop,B,0.00,132,21,1,70723,30,1,30%,100%,0%,0%,0%,0%,  ,1
California,186," 15,119    ",12128.9808,8040.9282,0,0,6,Shop,B,0.00,133,24,0,4712,100,,,,,,,,,
California,187," 14,798    ",9838.2165,7313.2479,7800.7215,3454.6272,11,Shop,B,0.00,85,21,1,3576716,20,1,35%,100%,0%,0%,0%,0%,  ,1
California,188," 14,722    ",24769.6662,7494.9435,6587.511,3476.0661,12,Distributor,C,0.00,134,30,1,14574,70,0,10%,60%,40%,0%,0%,0%, -      ,2
California,189," 14,695    ",9778.4631,7818.9378,3798.5598,1976.5977,11,Webshop,B,0.00,85,21,1,3624189,100,0,10%,80%,0%,20%,0%,0%,  ,1
California,190," 14,629    ",33407.5134,2307.1479,0,-384.2889,10,Shop,C,0.00,135,33,1,25931,50,0,5%,30%,70%,0%,0%,0%, -      ,6
California,191," 14,461    ",6746.6361,7312.2885,8352.4011,4655.2179,9,Shop,C,0.00,136,24,1,260153,40,1,10%,100%,0%,0%,0%,0%,  ,3
California,192," 14,445    ",16236.2337,7807.671,2217.0873,1208.4996,11,Shop,B,0.00,137,35,1,93715,40,0,20%,90%,0%,10%,0%,0%,  ,1
California,193," 13,481    ",12844.3119,7100.2611,10624.9737,5690.1276,7,Gym,B,0.00,138,21,0,231450,,,,,,,,,,
California,194," 13,423    ",0,6737.2389,5205.8643,2362.5594,6,Other,D,0.00,139,31,1,26703,,1,30%,100%,0%,0%,0%,0%,  ,6
California,195," 13,172    ",6316.2222,6331.2897,4353.4989,1986.0195,12,Shop,D,0.00,140,32,1,24294,,1,30%,100%,0%,0%,0%,0%,  ,6
California,196," 12,780    ",8833.7739,5791.9716,4914.4035,2508.1176,12,Shop,D,0.00,141,23,1,94251,0,0,40%,50%,0%,50%,0%,0%,  ,6
California,197," 12,652    ",0,5449.8471,0,0,4,Other,B,0.00,142,21,0,,,,,,,,,,,
California,198," 12,571    ",24201.9843,7150.7526,4985.5713,2682.8391,6,Shop,D,0.00,103,43,0,770665,100,,,,,,,,,
California,199," 1,423    ",0,865.551,424.3377,264.5115,1,Shop,D,0.00,103,43,0,770665,,,,,,,,,,
California,200," 12,417    ",24382.8435,6403.5276,5412.369,2885.1126,8,Shop,C,0.00,143,51,0,100059,30,,,,,,,,,
California,201," 11,952    ",18142.6845,5946.9885,6990.3237,3481.0599,9,Shop,B,0.00,144,52,1,13673,5,0,100%,0%,0%,0%,100%,0%,  ,1
California,202," 11,672    ",0,5162.3592,5052.6063,2241.6504,5,Shop,D,0.00,145,32,1,17959,,1,30%,100%,0%,0%,0%,0%,  ,6
California,203," 11,657    ",3568.8204,6274.2177,2781.0423,1388.7315,11,Shop,D,0.00,110,32,1,888659,,0,20%,80%,0%,20%,0%,0%,  ,6
California,204," 11,656    ",24695.3373,6160.455,4857.639,2329.5093,3,Shop,C,0.00,146,30,0,15028,,,,,,,,,,
California,205," 11,452    ",16729.2792,6128.4873,7085.3535,3866.6034,11,Shop,B,0.00,147,39,1,36509,60,0,50%,80%,0%,0%,20%,0%,  ,1
California,206," 11,392    ",13021.6656,6214.3536,6601.8036,3618.2541,9,Shop,D,0.00,148,23,1,30882,35,1,30%,100%,0%,0%,0%,0%,  ,6
California,207," 11,096    ",7111.4049,4984.2183,4343.9295,2021.8002,8,Shop,B,0.00,149,41,1,9767,20,0,40%,80%,0%,0%,20%,0%,  ,1
California,208," 11,075    ",0,1912.9083,4856.0031,1103.2854,2,Webshop,C,0.00,62,22,0,20864,,,,,,,,,,
California,209," 10,837    ",0,6115.314,4385.934,2432.8785,2,Gym,C,0.00,150,22,0,25882,,,,,,,,,,
California,210," 10,708    ",3246.7326,5727.3597,4454.4942,2331.9693,11,Shop,D,0.00,151,32,1,23699,40,1,50%,100%,0%,0%,0%,0%,  ,6
California,211," 10,668    ",19599.6933,5552.097,4225.173,2334.0234,9,Shop,C,0.00,152,53,0,48312,1000,,,,,,,,,
California,212," 10,443    ",4286.181,5514.951,5416.7847,2837.487,10,Shop,B,0.00,153,54,1,94604,25,0,35%,90%,0%,10%,0%,0%,  ,1
California,213," 10,067    ",7684.3389,4629.474,0,0,6,Shop,D,0.00,154,23,0,32465,,,,,,,,,,
California,214," 10,042    ",24787.5135,5156.3076,2841.423,1417.575,11,Shop,D,0.00,155,55,1,203609,0,0,10%,0%,100%,0%,0%,0%, -      ,4
California,215," 9,927    ",11083.2348,5114.4999,3944.733,1894.2984,7,Shop,D,0.00,110,32,1,895302,60,0,15%,80%,20%,0%,0%,0%, -      ,6
California,216," 9,837    ",12524.721,5022.6312,1249.7046,548.4078,11,Shop,C,0.00,156,24,1,63033,50,1,15%,100%,0%,0%,0%,0%,  ,1
California,217," 9,837    ",13073.9775,4911.9804,3013.5984,1516.1349,5,Shop,C,0.00,96,33,1,239187,100,0,5%,60%,40%,0%,0%,0%, -      ,6
California,218," 9,733    ",8475.3273,5025.8169,6167.4537,3511.773,6,Shop,D,0.00,157,23,0,29321,50,,,,,,,,,
California,219," 9,446    ",14652.5349,5232.1248,1308.9414,748.8363,7,Webshop,C,0.00,83,24,0,378609,,,,,,,,,,
California,220," 9,298    ",13056.9543,4872.9771,1485.7047,823.3005,10,Shop,C,0.00,117,34,1,495218,60,1,5%,100%,0%,0%,0%,0%,  ,5
California,221," 9,258    ",0,4534.764,2811.8292,1345.2879,10,Shop,D,0.00,89,23,1,1813147,,0,15%,60%,40%,0%,0%,0%, -      ,6
California,222," 9,188    ",0,3984.2775,0,0,1,Distributor,B,0.00,110,32,0,,,,,,,,,,,
California,223," 9,053    ",6823.3512,4339.0833,4250.5971,2006.6589,6,Shop,C,0.00,83,24,1,378609,80,1,5%,100%,0%,0%,0%,0%,  ,6
California,224," 9,030    ",5417.7072,4659.363,2561.3766,1248.0687,10,Webshop,D,0.00,151,32,1,24075,50,0,15%,0%,100%,0%,0%,0%, -      ,6
California,225," 9,018    ",0,2428.8933,5554.3602,1215.4614,6,Shop,D,0.00,68,25,1,1161543,,0,90%,0%,0%,100%,0%,0%,  ,6
California,226," 2,677    ",0,992.7945,989.904,248.0418,1,Shop,D,0.00,158,25,0,25892,,0,90%,0%,0%,100%,0%,0%,,6
California,227," 8,928    ",12239.1273,4660.5684,5340.7215,2825.1255,5,Shop,C,0.00,159,48,1,84605,200,1,5%,100%,0%,0%,0%,0%,  ,2
California,228," 8,729    ",20261.6916,4427.8647,4028.2992,1932.2316,6,Shop,B,0.00,85,21,0,3624189,45,,,,,,,,,
California,229," 8,539    ",9138.039,4088.2248,5134.6473,2434.7604,6,Shop,D,0.00,110,32,1,888659,,1,30%,100%,0%,0%,0%,0%,  ,6
California,230," 8,414    ",12248.0448,4172.2215,2675.0532,1362.6309,9,Shop,C,0.00,160,48,1,9030,,1,5%,100%,0%,0%,0%,0%,  ,1
California,231," 8,411    ",0,4270.4739,2696.0985,1338.8427,6,Shop,D,0.00,154,23,1,33523,,1,45%,100%,0%,0%,0%,0%,  ,6
California,232," 8,346    ",14387.2608,3587.3073,5159.604,2302.9659,8,Shop,C,0.00,161,48,1,36129,80,1,30%,100%,0%,0%,0%,0%,  ,5
California,233," 8,310    ",10750.7289,2885.0265,0,0,3,Shop,C,0.00,162,24,0,39275,100,,,,,,,,,
California,234," 8,301    ",8254.8621,4055.9988,5503.7949,2735.6061,7,Gym,C,0.00,163,48,1,58252,25,0,45%,60%,40%,0%,0%,0%, -      ,4
California,235," 8,296    ",13780.2927,4699.7931,8161.2099,4874.7114,4,Webshop,B,0.00,164,40,1,1262,0,0,100%,0%,0%,100%,0%,0%,  ,1
California,236," 8,228    ",21089.1864,3856.296,5703.51,2590.5891,8,Shop,B,0.00,165,56,1,91133,40,0,40%,90%,10%,0%,0%,0%, -      ,1
California,237," 8,195    ",35673.7269,4388.1111,2047.6548,1141.1694,3,Shop,D,0.00,118,32,0,50610,45,,,,,,,,,
California,238," 8,170    ",0,4281.7284,3435.8205,1588.176,5,Shop,C,0.00,136,24,1,256863,90,1,30%,100%,0%,0%,0%,0%,  ,4
California,239," 8,151    ",18645.2379,4625.7102,1366.3701,724.5315,4,Shop,B,0.00,98,21,1,233290,70,0,30%,90%,0%,10%,0%,0%,  ,1
California,240," 7,909    ",8308.6008,3715.6578,1980.546,1129.9764,7,Shop,D,0.00,64,23,1,243012,70,1,15%,100%,0%,0%,0%,0%,  ,6
California,241," 7,762    ",0,3977.5986,1513.8225,732.219,4,Shop,B,0.00,166,57,1,,,1,40%,100%,0%,0%,0%,0%,  ,1
California,242," 7,755    ",4587.2235,4503.1038,2163.7545,1208.6226,10,Shop,B,0.00,77,31,1,449923,30,0,40%,70%,0%,0%,30%,0%,  ,1
California,243," 7,708    ",0,3525.3399,2752.6539,1015.7709,7,Shop,D,0.00,167,44,1,12715,,1,30%,100%,0%,0%,0%,0%,  ,6
California,244," 7,668    ",479.5401,3863.1348,1598.9877,762.4401,4,Shop,D,0.00,110,32,1,895302,80,1,20%,100%,0%,0%,0%,0%,  ,6
California,245," 7,654    ",0,4086.552,2193.1761,1176.6549,11,Shop,D,0.00,168,32,1,12233,,1,20%,100%,0%,0%,0%,0%,  ,6
California,246," 7,646    ",9754.8348,4141.5207,3924.2412,2300.223,3,Shop,C,0.00,121,20,0,87459,44,,,,,,,,,
California,247," 7,507    ",0,4162.3077,1272.9762,761.6898,4,Shop,B,0.00,169,21,1,53613,,0,20%,50%,0%,50%,0%,0%,  ,1
California,248," 7,340    ",8463.138,3889.5306,4483.3623,2402.2392,6,Gym,C,0.00,170,36,1,41978,,0,100%,0%,0%,0%,100%,0%,  ,4
California,249," 7,339    ",7519.5435,4014.1296,3444.7749,1859.9199,8,Shop,C,0.00,171,58,1,21036,,0,60%,0%,0%,0%,100%,0%,  ,4
California,250," 7,013    ",5534.8893,3470.6664,3796.7271,1881.0267,6,Shop,D,0.00,172,23,1,248270,200,1,15%,100%,0%,0%,0%,0%,  ,6
California,251," 7,006    ",6620.2782,3222.6861,2387.9958,1342.9263,9,Shop,C,0.00,136,24,1,260153,80,1,1%,100%,0%,0%,0%,0%,  ,4
California,252," 6,870    ",13813.1952,3560.727,2261.7486,1090.395,4,Gym,C,0.00,136,24,1,260153,35,0,20%,0%,0%,0%,100%,0%,  ,2
California,253," 6,751    ",4931.4759,3400.3596,2991.7905,1529.5419,7,Shop,C,0.00,173,53,1,370686,,0,20%,0%,0%,0%,100%,0%,  ,5
California,254," 6,748    ",26095.5201,3436.989,1710.0198,811.8,4,Shop,C,0.00,174,34,1,24067,60,1,1%,100%,0%,0%,0%,0%,  ,5
California,255," 2,559    ",0,845.4282,1855.4796,656.2419,1,Shop,C,0.00,174,34,0,24067,,1,1%,100%,0%,0%,0%,0%,,5
California,256," 6,729    ",5988.1443,3359.3883,538.0635,234.5364,6,Shop,B,0.00,175,39,1,6581,80,0,10%,90%,5%,5%,0%,0%, -      ,1
California,257," 6,721    ",6785.2827,3579.8166,1838.7639,903.2874,8,Shop,C,0.00,84,30,1,791191,40,1,35%,100%,0%,0%,0%,0%,  ,4
California,258," 6,648    ",1829.7234,3529.8786,3648.5244,1878.2961,9,Shop,B,0.00,176,49,1,21398,80,0,35%,80%,0%,20%,0%,0%,  ,1
California,259," 6,489    ",19060.0923,3322.9434,2991.6183,1513.7118,7,Shop,D,0.00,177,59,0,10410,100,,,,,,,,,
California,260," 6,380    ",1819.9695,2876.109,1807.9401,1015.9923,8,Webshop,C,0.00,72,20,1,640612,,0,5%,0%,100%,0%,0%,0%, -      ,3
California,261," 6,355    ",11468.9013,3532.0065,1560.87,915.3414,8,Shop,C,0.00,178,20,1,76824,50,1,5%,100%,0%,0%,0%,0%,  ,4
California,262," 6,318    ",17943.0186,2805.5808,2127.3834,879.4992,2,Shop,C,0.00,179,34,0,245934,20,,,,,,,,,
California,263," 6,262    ",10378.7769,3170.9154,3107.4228,1550.415,6,Shop,B,0.00,85,21,1,3624189,20,0,20%,80%,20%,0%,0%,0%, -      ,1
California,264," 6,257    ",12232.35,3241.542,2910.5121,1580.1195,6,Shop,B,0.00,180,21,1,22229,0,0,60%,0%,0%,100%,0%,0%,  ,1
California,265," 6,236    ",5306.3799,3017.9649,2690.8956,1348.6212,6,Shop,B,0.00,85,21,1,3624189,0,0,100%,0%,0%,50%,%,50%,  ,1
California,266," 6,204    ",6092.2392,2593.4427,2788.5699,1056.2748,8,Shop,B,0.00,181,60,1,349977,30,0,35%,90%,10%,0%,0%,0%, -      ,1
California,267," 6,190    ",6125.8059,3428.502,916.5468,477.3138,4,Shop,D,0.00,182,23,1,85086,50,1,15%,100%,0%,0%,0%,0%,  ,6
California,268," 6,104    ",5152.6668,2991.5937,2547.2685,1322.8896,10,Shop,B,0.00,183,21,1,94162,15,1,15%,100%,0%,0%,0%,0%,  ,1
California,269," 6,064    ",0,2981.5323,2483.7513,1087.7628,4,Shop,B,0.00,137,35,1,93269,,0,20%,90%,0%,0%,10%,0%,  ,1
California,270," 6,022    ",4157.646,2440.8366,80.7495,45.2517,5,Distributor,C,0.00,96,33,1,239187,60,0,1%,60%,40%,0%,0%,0%, -      ,2
California,271," 6,006    ",19127.5455,2606.4315,3259.6476,1631.1399,5,Shop,D,0.00,184,61,1,5149,150,0,15%,50%,0%,50%,0%,0%,  ,6
California,272," 5,983    ",0,3128.8248,928.2072,507.8178,5,Shop,C,0.00,159,48,1,84605,,0,15%,0%,0%,0%,100%,0%,  ,4
California,273," 5,925    ",0,2960.2902,1332.9264,656.5494,5,Shop,B,0.00,185,51,0,5632,25,,,,,,,,,
California,274," 5,684    ",0,2925.924,1774.3365,972.1182,9,Shop,B,0.00,186,62,1,10825,0,0,100%,0%,0%,0%,100%,0%,  ,1
California,275," 5,669    ",2517.0843,2429.4222,2418.0447,1177.9341,5,Shop,D,0.00,89,23,0,1821359,150,,,,,,,,,
California,276," 5,425    ",8869.3824,2248.563,469.7001,272.9001,5,Webshop,C,0.00,187,20,0,48237,40,,,,,,,,,
California,277," 5,366    ",4431.3825,2001.2346,0,0,2,Shop,B,0.00,188,49,1,5994,50,0,10%,10%,10%,80%,0%,0%, -      ,1
California,278," 5,272    ",0,2700.6864,3176.8563,1620.4266,7,Shop,D,0.00,189,23,1,,,1,20%,100%,0%,0%,0%,0%,  ,6
California,279," 5,175    ",6743.475,2571.4503,2042.4642,1030.371,3,Shop,C,0.00,190,53,0,371436,40,,,,,,,,,
California,280," 5,013    ",2379.7794,2940.5733,332.6904,196.6893,6,Shop,D,0.00,191,23,0,97956,120,,,,,,,,,
California,281," 4,993    ",7146.5952,2585.4846,2172.1554,1093.839,5,Other,B,0.00,192,46,1,6752,30,0,100%,0%,0%,20%,0%,80%,  ,1
California,282," 4,845    ",0,2543.025,1301.6106,596.4393,3,Shop,D,0.00,193,32,1,85331,,1,20%,100%,0%,0%,0%,0%,  ,6
California,283," 4,822    ",6479.7261,2106.5718,1606.4784,674.4582,5,Shop,C,0.00,72,20,0,642381,50,,,,,,,,,
California,284," 4,819    ",0,2193.8895,41.7831,21.8079,6,Shop,B,0.00,194,37,0,252854,,,,,,,,,,
California,285," 4,811    ",5845.8333,582.6756,208.8294,90.1959,6,Shop,D,0.00,195,44,1,120673,45,1,15%,100%,0%,0%,0%,0%,  ,5
California,286," 4,731    ",0,2287.1973,1225.0062,578.0016,3,Webshop,D,0.00,196,23,1,1810696,,0,2%,0%,100%,0%,0%,0%, 1    ,6
California,287," 4,638    ",8244.3702,2394.687,1457.7345,828.3804,8,Shop,C,0.00,197,34,1,7858,80,1,1%,100%,0%,0%,0%,0%,  ,3
California,288," 4,569    ",7893.279,2219.4735,2108.7366,1095.8439,9,Shop,C,0.00,117,34,1,17846,52,0,35%,80%,20%,0%,0%,0%, -      ,6
California,289," 4,561    ",8983.7601,2713.1955,1259.6553,758.6763,4,Shop,D,0.00,191,23,0,97956,80,,,,,,,,,
California,290," 4,534    ",11099.9874,2149.2405,2722.5435,1195.6215,1,Shop,B,0.00,85,21,0,3624189,250,,,,,,,,,
California,291," 4,533    ",8779.2234,2577.8094,90.7002,38.9049,6,Shop,B,0.00,183,21,1,92762,40,0,10%,80%,0%,0%,20%,0%,  ,1
California,292," 4,510    ",0,2346.9999,1456.5168,656.9307,3,Shop,D,0.00,89,23,1,,,1,35%,100%,0%,0%,0%,0%,  ,6
California,293," 4,379    ",2920.5858,2325.4134,1166.2368,601.3716,7,Shop,B,0.00,198,46,1,221668,30,0,100%,0%,0%,0%,0%,100%,  ,1
California,294," 4,331    ",7001.9472,2380.6896,2034.8874,1227.909,4,Shop,C,0.00,199,20,0,156707,50,,,,,,,,,
California,295," 4,323    ",24812.544,2293.3719,1472.8881,755.2692,3,Shop,B,0.00,74,21,0,223198,30,,,,,,,,,
California,296," 4,167    ",221647.6605,1778.1003,1709.6877,716.7333,1,Distributor,C,0.00,200,34,1,24368,100,0,100%,0%,0%,0%,100%,0%,  ,3
California,297," 4,160    ",14302.9566,2112.0453,1147.8483,576.7347,5,Shop,D,0.00,201,44,1,38166,50,1,10%,100%,0%,0%,0%,0%,  ,6
California,298," 4,157    ",4421.2719,2181.7125,173.1348,101.3397,7,Shop,D,0.00,141,23,1,94251,85,0,20%,100%,0%,0%,0%,0%,  ,6
California,299," 4,134    ",2142.5985,1859.0466,2451.8943,1174.8714,7,Shop,B,0.00,85,21,1,3624189,0,0,20%,60%,40%,0%,0%,0%, -      ,1
California,300," 4,134    ",0,-60.8358,0,0,3,Shop,E,0.00,89,$null$,0,,,,,,,,,,,
California,301," 4,071    ",7462.6191,2177.223,2228.8338,1151.9934,6,Gym,C,0.00,202,58,1,27781,,0,25%,0%,0%,0%,100%,0%,  ,3
California,302," 4,033    ",8000.3628,2024.5923,1979.7957,957.309,3,Gym,B,0.00,203,21,1,52963,1000,0,50%,0%,0%,0%,100%,0%,  ,1
California,303," 3,994    ",2134.8249,2241.6012,2541.9918,1515.1017,4,Gym,B,0.00,204,46,0,221668,,,,,,,,,,
California,304," 3,978    ",4360.1163,1800.5724,826.3263,460.5981,7,Shop,D,0.00,155,55,1,203609,0,0,10%,0%,0%,100%,0%,0%,  ,6
California,305," 3,965    ",6047.2458,2059.2045,965.0949,534.6441,8,Shop,D,0.00,205,23,1,36815,42,1,25%,100%,0%,0%,0%,0%,  ,6
California,306," 3,935    ",14186.6232,2017.0893,1306.4445,729.7836,4,Shop,C,0.00,206,34,1,104771,110,1,1%,100%,0%,0%,0%,0%,  ,1
California,307," 3,839    ",3674.0961,1899.4275,0,0,6,Shop,B,0.00,207,63,1,121522,40,1,20%,100%,0%,0%,0%,0%,  ,1
California,308," 3,780    ",1891.5186,2242.9788,1284.4398,777.8397,7,Shop,C,0.00,136,24,0,258402,,,,,,,,,,
California,309," 3,725    ",6716.907,1806.8085,1279.6305,744.9741,7,Shop,D,0.00,208,23,1,31756,50,1,30%,100%,0%,0%,0%,0%,  ,6
California,310," 3,711    ",0,2014.2111,1471.0431,742.4034,2,Distributor,B,0.00,209,31,0,14344,0,,,,,,,,,
California,311," 3,697    ",0,1315.0914,3034.7544,1147.1841,5,Other,B,0.00,210,62,1,110891,,0,25%,0%,0%,0%,0%,100%,  ,1
California,312," 3,609    ",1304.3043,2072.9682,254.61,148.6332,2,Shop,C,0.00,190,53,0,370686,60,,,,,,,,,
California,313," 3,585    ",0,958.17,0,-16.113,7,Shop,B,0.00,85,21,1,3550450,,0,50%,0%,0%,20%,80%,0%,  ,1
California,314," 3,541    ",8727.6741,1930.1775,709.8207,357.93,3,Shop,B,0.00,211,21,0,63259,40,,,,,,,,,
California,315," 3,501    ",2644.5861,1687.5354,964.8858,534.1398,4,Shop,C,0.00,212,24,0,32072,50,,,,,,,,,
California,316," 3,453    ",12634.9167,1647.8433,2110.5201,1066.9635,2,Shop,D,0.00,89,23,0,1821359,30,,,,,,,,,
California,317," 3,451    ",0,1858.0134,1655.4939,869.2779,2,Shop,D,0.00,213,32,0,979,,,,,,,,,,
California,318," 3,386    ",912.5985,1383.6639,752.3664,353.0715,3,Shop,B,0.00,85,21,0,3624189,30,,,,,,,,,
California,319," 3,383    ",0,1477.968,1867.1031,708.5661,2,Shop,B,0.00,214,21,1,30139,,0,20%,0%,0%,0%,100%,0%,  ,1
California,320," 3,340    ",2674.6842,1704.7185,1769.3427,933.0903,6,Gym,C,0.00,215,36,1,6050,,0,50%,100%,0%,0%,0%,0%,  ,3
California,321," 3,300    ",0,1847.5584,1382.7783,771.087,2,Other,B,0.00,216,31,0,,,,,,,,,,,
California,322," 3,299    ",0,1501.7562,1394.2542,773.9652,2,Distributor,B,0.00,77,31,0,452653,0,,,,,,,,,
California,323," 3,295    ",10538.0373,1600.5006,961.5648,481.8894,1,Shop,B,0.00,166,57,0,168967,50,,,,,,,,,
California,324," 3,251    ",0,1529.0499,1810.2525,802.2675,2,Shop,B,0.00,70,27,0,275627,,,,,,,,,,
California,325," 3,217    ",3155.3682,1565.175,614.0283,278.2998,3,Shop,C,0.00,217,64,0,108395,30,,,,,,,,,
California,326," 3,118    ",0,1828.5795,763.83,456.2193,1,Webshop,C,0.00,73,22,0,,,,,,,,,,,
California,327," 3,066    ",0,1627.0317,1709.9583,888.5643,2,Shop,D,0.00,89,23,1,1810696,,0,20%,50%,50%,0%,0%,0%, -      ,6
California,328," 2,999    ",0,1296.9858,235.1514,75.3006,2,Other,B,0.00,198,46,0,222559,,,,,,,,,,
California,329," 2,982    ",1046.9022,1722.9102,843.4233,437.7816,1,Shop,B,0.00,85,21,0,3576716,,,,,,,,,,
California,330," 2,910    ",0,1455.6558,1816.6116,884.0379,4,Other,B,0.00,218,60,0,343413,,,,,,,,,,
California,331," 2,858    ",6789.1449,1620.6357,185.1765,102.705,6,Shop,C,0.00,219,22,1,21339,350,0,1%,0%,0%,0%,100%,0%,  ,1
California,332," 2,848    ",0,1319.4579,282.5925,129.7527,2,Shop,D,0.00,220,65,0,109940,40,,,,,,,,,
California,333," 2,790    ",1664.3499,1477.7712,2259.5715,1300.2576,5,Shop,D,0.00,221,23,1,28784,60,0,30%,0%,0%,0%,100%,0%,  ,6
California,334," 2,656    ",6025.6224,1300.5159,856.3506,482.6889,4,Shop,C,0.00,152,53,0,48312,35,,,,,,,,,
California,335," 2,637    ",1294.0215,1238.8806,772.8582,450.0939,3,Webshop,D,0.00,222,23,1,20870,80,0,15%,50%,50%,0%,0%,0%, -      ,6
California,336," 2,615    ",20874.6129,1410.6747,1068.1197,584.9019,2,Webshop,D,0.00,110,32,0,895302,50,,,,,,,,,
California,337," 2,602    ",53983.0518,1341.684,880.4094,444.5712,1,Shop,C,0.00,223,33,0,108888,40,,,,,,,,,
California,338," 2,534    ",5687.4093,1304.0829,1536.5529,759.6357,2,Shop,C,0.00,131,22,0,268734,50,,,,,,,,,
California,339," 2,461    ",0,1184.8836,744.2238,399.5286,4,Shop,C,0.00,224,58,1,8692,,1,20%,100%,0%,0%,0%,0%,  ,1
California,340," 2,457    ",0,1108.1316,906.6207,402.5298,3,Shop,D,0.00,225,32,1,20984,,1,20%,100%,0%,0%,0%,0%,  ,6
California,341," 2,406    ",3947.5866,1199.5575,0,0,3,Shop,B,0.00,226,41,1,21633,15,0,20%,90%,0%,10%,0%,0%,  ,1
California,342," 2,400    ",9692.2278,1283.1114,1632.0132,935.661,3,Distributor,B,0.00,85,21,0,3624189,30,,,,,,,,,
California,343," 2,379    ",4403.8674,1188.0201,653.1423,307.3647,3,Shop,B,0.00,88,36,0,170084,,,,,,,,,,
California,344," 2,356    ",0,1199.5083,1941.9978,1084.7985,4,Gym,D,0.00,89,23,1,1813147,,1,20%,100%,0%,0%,0%,0%,  ,6
California,345," 2,355    ",0,1108.4514,623.9421,279.4068,2,Webshop,C,0.00,227,24,1,8669,50,0,10%,50%,50%,0%,0%,0%, -      ,2
California,346," 2,352    ",0,1198.1061,0,0,2,Shop,D,0.00,228,24,0,24340,,,,,,,,,,
California,347," 2,329    ",1620.4143,1134.7611,400.4511,212.0643,5,Shop,B,0.00,87,35,1,335021,40,0,10%,90%,10%,0%,0%,0%, -      ,1
California,348," 2,246    ",3636.1383,1102.08,543.8691,308.3979,1,Shop,B,0.00,85,21,0,3550450,40,,,,,,,,,
California,349," 2,173    ",2927.4738,2173.4592,0,0,4,Other,D,0.00,113,23,0,71663,,,,,,,,,,
California,350," 2,162    ",1218.5979,1062.6831,967.4565,480.1797,4,Shop,C,0.00,72,20,0,642381,,,,,,,,,,
California,351," 2,158    ",2296.3977,668.4927,1756.7844,676.0326,2,Shop,D,0.00,89,23,1,1810696,,1,30%,100%,0%,0%,0%,0%,  ,6
California,352," 2,149    ",3971.9283,1131.6369,0,0,4,Shop,D,0.00,229,23,1,234643,60,1,10%,100%,0%,0%,0%,0%,  ,5
California,353," 2,135    ",0,1197.1467,1906.6722,1122.0798,4,Shop,B,0.00,216,31,0,56472,0,,,,,,,,,
California,354," 2,102    ",2408.8812,1037.5419,893.7549,447.3879,5,Shop,C,0.00,170,36,1,41978,,0,15%,0%,0%,0%,100%,0%,  ,2
California,355," 2,046    ",0,969.2892,639.0342,316.5651,1,Shop,B,0.00,230,21,0,192480,25,,,,,,,,,
California,356," 1,955    ",0,822.5502,654.1755,270.8829,3,Gym,B,0.00,231,46,1,3164,,0,100%,0%,0%,0%,100%,0%,  ,1
California,357," 1,911    ",0,1074.2082,1074.1344,621.7527,4,Gym,B,0.00,232,39,1,200149,,0,100%,0%,0%,0%,100%,0%,  ,1
California,358," 1,881    ",1512.3588,741.9483,397.8312,138.1167,4,Shop,D,0.00,233,23,1,19533,50,0,30%,0%,0%,0%,100%,0%,  ,5
California,359," 1,825    ",0,863.0295,810.2256,387.7329,2,Shop,B,0.00,85,21,1,,,1,30%,100%,0%,0%,0%,0%,  ,1
California,360," 1,819    ",0,767.0034,1594.0554,776.3145,3,Shop,D,0.00,89,23,1,,,0,20%,100%,0%,0%,0%,0%,  ,6
California,361," 1,719    ",898.9578,933.9021,1000.7895,547.2885,3,Other,B,0.00,132,21,0,3576716,,,,,,,,,,
California,362," 1,689    ",0,790.2627,724.9374,338.3238,1,Shop,B,0.00,230,21,0,,20,,,,,,,,,
California,363," 1,682    ",3849.654,694.5564,1069.8663,538.1127,4,Shop,D,0.00,234,23,0,140232,60,,,,,,,,,
California,364," 1,682    ",5808.6504,939.0189,118.1907,67.0227,4,Shop,C,0.00,235,33,1,70848,100,1,1%,100%,0%,0%,0%,0%,  ,1
California,365," 1,655    ",4302.5892,903.1521,250.6863,129.1869,3,Shop,D,0.00,236,32,1,419,40,0,10%,50%,0%,50%,0%,0%,  ,3
California,366," 1,651    ",0,818.9586,0,0,2,Distributor,E,0.00,89,23,0,,,,,,,,,,,
California,367," 1,645    ",4044.3507,873.3492,288.3735,124.5498,4,Shop,C,0.00,237,30,1,15886,50,1,5%,100%,0%,0%,0%,0%,  ,4
California,368," 1,617    ",1980.4353,851.2338,406.7856,230.6988,4,Shop,C,0.00,238,20,0,642381,50,,,,,,,,,
California,369," 1,606    ",767.8398,822.4518,0,0,5,Shop,B,0.00,239,51,0,23867,,,,,,,,,,
California,370," 1,603    ",598.1736,866.6703,682.8468,404.2272,4,Gym,B,0.00,198,46,1,222559,200,0,15%,0%,0%,0%,100%,0%,  ,1
California,371," 1,599    ",3661.1319,948.4284,171.3882,84.6363,3,Shop,C,0.00,179,34,0,245934,120,,,,,,,,,
California,372," 1,597    ",0,813.0054,793.6329,422.6403,3,Shop,B,0.00,240,21,0,,30,,,,,,,,,
California,373," 1,524    ",3666.1011,658.6158,168.3747,84.4887,2,Gym,D,0.00,241,23,1,39349,40,1,10%,100%,0%,0%,0%,0%,  ,3
California,374," 1,492    ",3135.7497,667.7424,198.8418,90.9708,4,Shop,D,0.00,242,44,1,150906,50,0,10%,40%,20%,40%,0%,0%, -      ,4
California,375," 1,460    ",2610.7365,754.0269,769.6971,382.2594,4,Shop,B,0.00,243,63,1,11558,20,0,50%,0%,0%,0%,0%,100%,  ,1
California,376," 1,443    ",0,881.3811,0,0,2,Webshop,D,0.00,244,23,0,16658,,,,,,,,,,
California,377," 1,389    ",3294.5919,756.1794,473.0457,270.5016,4,Shop,B,0.00,245,62,0,5006,0,,,,,,,,,
California,378," 1,358    ",1138.4265,635.7378,0,0,2,Shop,B,0.00,240,21,1,103310,30,0,10%,90%,10%,0%,0%,0%, -      ,1
California,379," 1,352    ",5951.9577,481.2006,94.8084,49.5567,2,Shop,B,0.00,246,52,1,32551,30,0,10%,90%,0%,10%,0%,0%,  ,1
California,380," 1,344    ",0,695.9094,0,0,2,Other,B,0.00,247,38,0,16495,,,,,,,,,,
California,381," 1,328    ",5760.9141,674.7657,604.7664,267.3528,1,Shop,B,0.00,232,39,0,200149,50,,,,,,,,,
California,382," 1,327    ",1137.258,676.0818,169.74,103.1847,1,Shop,D,0.00,182,23,0,86072,200,,,,,,,,,
California,383," 1,302    ",7880.5116,646.2666,250.7601,120.1587,2,Shop,B,0.00,248,21,0,95456,40,,,,,,,,,
California,384," 1,295    ",0,590.277,0,0,1,Other,D,0.00,249,32,0,29595,,,,,,,,,,
California,385," 1,269    ",0,645.7131,451.0041,258.3123,2,Gym,D,0.00,172,23,0,243689,,,,,,,,,,
California,386," 1,249    ",0,600.6213,1036.8039,534.3366,1,Webshop,C,0.00,143,51,0,94045,,,,,,,,,,
California,387," 1,229    ",0,598.5549,45.879,27.0846,3,Shop,B,0.00,153,54,1,,,0,20%,0%,0%,0%,100%,0%,  ,1
California,388," 1,221    ",0,673.0068,45.8298,-14.637,1,Other,B,0.00,85,21,1,,,0,20%,0%,0%,0%,0%,100%,  ,1
California,389," 1,213    ",11736.1311,649.2555,143.3319,76.8258,1,Shop,C,0.00,250,22,1,28912,40,0,10%,50%,50%,0%,0%,0%, -      ,2
California,390," 1,135    ",4304.4711,433.329,234.1674,79.0275,3,Shop,B,0.00,251,51,0,23253,35,,,,,,,,,
California,391," 1,133    ",0,468.3717,0,0,1,Shop,B,0.00,252,22,0,,,,,,,,,,,
California,392," 1,124    ",2929.7616,658.2591,410.2296,252.7158,1,Shop,C,0.00,72,20,0,642381,40,,,,,,,,,
California,393," 1,098    ",1637.9787,651.9246,836.9043,496.1328,2,Shop,C,0.00,253,24,0,39362,80,,,,,,,,,
California,394," 1,073    ",4741.0227,496.9938,458.298,192.5934,1,Shop,D,0.00,89,23,1,1821359,60,0,30%,0%,0%,0%,100%,0%,  ,6
California,395," 1,049    ",0,514.6443,916.6329,478.3593,1,Gym,B,0.00,254,52,1,19358,,1,10%,100%,0%,0%,0%,0%,  ,1
California,396," 1,031    ",3652.1037,478.7775,298.6686,160.3674,4,Shop,D,0.00,255,32,0,28035,,,,,,,,,,
California,397," 1,029    ",0,639.6123,0,0,1,Distributor,D,0.00,229,23,0,,,,,,,,,,,
California,398," 1,017    ",1622.7021,524.2506,254.61,150.5397,1,Distributor,C,0.00,190,53,0,371436,50,,,,,,,,,
California,399, 991    ,2890.2663,539.6871,557.4729,322.5921,2,Shop,B,0.00,256,21,0,7904,0,,,,,,,,,
California,400, 966    ,0,573.7212,230.3298,124.2546,1,Shop,D,0.00,109,32,0,42427,,,,,,,,,,
California,401, 956    ,1672.1973,470.5611,372.1611,155.3121,3,Shop,C,0.00,257,24,0,26019,30,,,,,,,,,
California,402, 940    ,402.0255,457.2156,358.1268,172.6428,1,Shop,B,0.00,98,21,0,232455,30,,,,,,,,,
California,403, 932    ,758.3442,554.1519,212.298,123.3567,2,Shop,B,0.00,258,21,0,24541,15,,,,,,,,,
California,404, 929    ,0,504.9888,373.8462,225.4098,1,Shop,B,0.00,85,21,0,3550450,,,,,,,,,,
California,405, 929    ,0,478.6545,387.6222,214.6842,2,Shop,D,0.00,259,55,1,,,1,20%,100%,0%,0%,0%,0%,  ,6
California,406, 883    ,933.8898,449.4666,0,0,1,Shop,C,0.00,123,47,0,21835,45,,,,,,,,,
California,407, 879    ,5031.5733,465.4197,699.1074,378.8769,1,Other,C,0.00,260,34,0,18382,20,,,,,,,,,
California,408, 845    ,0,452.5293,457.806,234.2289,2,Other,B,0.00,248,21,0,,,,,,,,,,,
California,409, 832    ,0,405.5556,398.151,211.0065,1,Shop,B,0.00,166,57,0,165475,30,,,,,,,,,
California,410, 828    ,0,453.9561,169.74,98.2155,1,Shop,B,0.00,85,21,0,,,,,,,,,,,
California,411, 801    ,16911.0609,330.6117,320.1198,121.647,1,Gym,A,0.00,87,35,0,21366,20,,,,,,,,,
California,412, 759    ,0,364.8795,195.9144,91.0077,1,Shop,B,0.00,85,21,1,,80,1,10%,100%,0%,0%,0%,0%,  ,1
California,413, 754    ,0,300.858,440.4015,207.132,1,Gym,B,0.00,98,21,0,232455,,,,,,,,,,
California,414, 739    ,0,412.6404,211.9782,113.0739,1,Shop,C,0.00,88,36,1,,80,1,10%,100%,0%,0%,0%,0%,  ,3
California,415, 716    ,0,375.5682,0,0,1,Shop,D,0.00,110,32,0,895302,30,,,,,,,,,
California,416, 711    ,1765.0131,381.5337,114.5499,62.7177,1,Shop,B,0.00,85,21,1,3624189,1000,0,30%,0%,0%,0%,100%,0%,  ,1
California,417, 687    ,0,333.2808,189.6168,92.7051,1,Shop,B,0.00,183,21,1,95987,,1,20%,100%,0%,0%,0%,0%,  ,1
California,418, 666    ,0,254.0688,504.1278,275.9997,1,Shop,D,0.00,89,23,1,,,0,20%,100%,0%,0%,0%,0%, -      ,6
California,419, 643    ,0,299.1975,427.3143,200.0595,1,Shop,D,0.00,110,32,0,,,0,0%,0%,0%,0%,0%,100%, -      ,
California,420, 602    ,0,264.3393,0,0,1,Shop,D,0.00,261,23,0,,,0,0%,0%,0%,0%,0%,100%, -      ,
California,421, 562    ,0,292.1004,393.231,244.8069,1,Shop,D,0.00,208,23,0,31621,,,,,,,,, -      ,
California,422, 520    ,1047.8001,284.5359,0,0,8,Other,$null$,0.00,$null$,$null$,0,,,,,,,,,, -      ,
California,423, 490    ,6731.913,231.3138,0,0,1,Gym,D,0.00,118,32,0,50305,,,,,,,,, -      ,
California,424, 465    ,578.7519,209.9979,229.149,140.0109,1,Shop,C,0.00,262,24,0,8695,50,,,,,,,, -      ,
California,425, 455    ,0,101.0445,0,0,2,Other,C,0.00,117,34,0,496875,,,,,,,,, -      ,
California,426, 428    ,5656.6839,170.9208,10.455,5.4981,1,Shop,D,0.00,263,32,0,41781,95,,,,,,,, -      ,
California,427, 419    ,0,213.6264,390.6603,211.1787,1,Shop,B,0.00,74,21,0,220553,,,,,,,,, -      ,
California,428, 418    ,1287.7362,173.9712,362.8008,155.9148,1,Shop,D,0.00,205,23,0,36782,,,,,,,,, -      ,
California,429, 412    ,427.3758,273.4413,0,0,1,Shop,B,0.00,232,39,1,200149,30,0,10%,80%,10%,10%,0%,0%, -      ,1
California,430, 411    ,8569.8774,201.9906,308.7054,153.2457,1,Shop,B,0.00,264,21,0,21169,0,,,,,,,, -      ,
California,431, 402    ,0,221.3508,160.884,97.6251,1,Shop,D,0.00,110,32,0,888394,,,,,,,,, -      ,
California,432, 392    ,0,219.4689,0,0,1,Distributor,B,0.00,265,21,0,141313,,,,,,,,, -      ,
California,433, 389    ,413.8212,208.0299,82.041,50.8728,1,Shop,B,0.00,138,21,0,231450,40,,,,,,,, -      ,
California,434, 386    ,434.9157,180.4533,175.5702,87.1455,1,Shop,B,0.00,266,21,0,11156,80,,,,,,,, -      ,
California,435, 369    ,0,208.3743,125.2017,67.5147,1,Shop,B,0.00,180,21,0,21284,,,,,,,,, -      ,
California,436, 369    ,473.9436,172.5936,196.6032,70.971,1,Shop,C,0.00,173,53,0,34176,,,,,,,,, -      ,
California,437, 367    ,0,135.7551,0,0,1,Shop,D,0.00,155,55,0,203609,,,,,,,,, -      ,
California,438, 361    ,0,163.3563,0,0,1,Shop,C,0.00,88,36,0,170202,20,,,,,,,, -      ,
California,439, -      ,-0.0615,-6304.1067,0,-1077.2217,12,Shop,B,0.00,85,21,0,3624189,,,,,,,,, -      ,
California,440, -      ,0,-5.5842,0,2.7429,1,Other,C,0.00,267,30,1,23370,,0,1%,40%,60%,0%,0%,0%, -      ,2
California,441, -      ,0,69.7779,0,27.3921,1,Shop,B,0.00,216,31,0,56953,,,,,,,,, -      ,
California,442, -      ,5473.5123,-170.6871,0,-69.5196,2,Shop,D,0.00,208,23,0,31845,60,,,,,,,, -      ,
California,443, -      ,0,-4208.3097,0,-2238.3294,1,Shop,B,0.00,78,32,0,,,,,,,,,, -      ,
California,444, -      ,1455.9018,-41.6109,0,0,1,Shop,B,0.00,74,21,0,3576716,,,,,,,,, -      ,
